{"cameraMode":{"drawMode":0,"name":"Shaded","section":"Shading Mode"},"sceneLighting":true,"audioPlay":false,"sceneViewState":{"showFog":true,"showMaterialUpdate":false,"showSkybox":true,"showFlares":true,"showImageEffects":true,"showParticleSystems":true},"in2DMode":false,"pivot":{"x":557.2135009765625,"y":220.32395935058595,"z":0.0},"rotation":{"x":0.0008981215069070458,"y":0.001812203205190599,"z":-0.00011444955453043804,"w":0.9999979734420776},"size":579.7316284179688,"orthographic":false}