{"cameraMode":{"drawMode":0,"name":"Shaded","section":"Shading Mode"},"sceneLighting":true,"audioPlay":false,"sceneViewState":{"showFog":true,"showMaterialUpdate":false,"showSkybox":true,"showFlares":true,"showImageEffects":true,"showParticleSystems":true},"in2DMode":false,"pivot":{"x":499.79827880859377,"y":247.47422790527345,"z":-1.33770751953125},"rotation":{"x":0.0008981215069070458,"y":0.001812203205190599,"z":-0.00011444955453043804,"w":0.9999979734420776},"size":704.3271484375,"orthographic":false}