{"cameraMode":{"drawMode":0,"name":"Shaded","section":"Shading Mode"},"sceneLighting":true,"audioPlay":false,"sceneViewState":{"showFog":true,"showMaterialUpdate":false,"showSkybox":true,"showFlares":true,"showImageEffects":true,"showParticleSystems":true},"in2DMode":false,"pivot":{"x":457.8999938964844,"y":247.47021484375,"z":0.0},"rotation":{"x":0.0008981215069070458,"y":0.001812203205190599,"z":-0.00011444955453043804,"w":0.9999979734420776},"size":13.303606033325196,"orthographic":false}