{"cameraMode":{"drawMode":0,"name":"Shaded","section":"Shading Mode"},"sceneLighting":true,"audioPlay":false,"sceneViewState":{"showFog":true,"showMaterialUpdate":false,"showSkybox":true,"showFlares":true,"showImageEffects":true,"showParticleSystems":true},"in2DMode":false,"pivot":{"x":132.0062255859375,"y":-65.511962890625,"z":121.52519989013672},"rotation":{"x":0.18418927490711213,"y":0.4286298453807831,"z":-0.08985011279582977,"w":0.8799305558204651},"size":218.03521728515626,"orthographic":false}